{
  "value_sum": 28905787.995028604,
  "dividend_sum": 8737208.149204504,
  "current_dividend_sum": 19711.0,
  "current_dividend_percent": 0.06819049528554634,
  "subscription_sum": 1741667.05,
  "subscription_stock_num": 184,
  "subscription_band_num": 386,
  "current_subscription_sum": 0.0,
  "current_subscription_stock_num": 0,
  "current_subscription_band_num": 0,
  "holding_stock_number": 17,
  "holding_stock_array": [
    [
      "腾讯控股（00700）",
      437.0,
      "2.06%",
      "red"
    ],
    [
      "贵州茅台（600519）",
      1431.51,
      "-0.31%",
      "green"
    ],
    [
      "中国宏桥（01378）",
      13.22,
      "-0.15%",
      "green"
    ],
    [
      "分众传媒（002027）",
      6.64,
      "1.07%",
      "red"
    ],
    [
      "银华日利ETF（511880）",
      100.196,
      "0.00%",
      "grey"
    ],
    [
      "古井贡B（200596）",
      109.53,
      "-0.84%",
      "green"
    ],
    [
      "中国平安（601318）",
      50.9,
      "0.04%",
      "red"
    ],
    [
      "福耀玻璃（600660）",
      58.35,
      "-0.27%",
      "green"
    ],
    [
      "H&H国际控股（01112）",
      8.65,
      "4.59%",
      "red"
    ],
    [
      "保利协鑫能源（03800）",
      1.27,
      "-2.31%",
      "green"
    ],
    [
      "中信银行（00998）",
      5.47,
      "-1.44%",
      "green"
    ],
    [
      "新华保险（01336）",
      25.55,
      "1.19%",
      "red"
    ],
    [
      "中国太平（00966）",
      11.5,
      "-1.88%",
      "green"
    ],
    [
      "金螳螂（002081）",
      3.5,
      "0.00%",
      "grey"
    ],
    [
      "惠理集团（00806）",
      1.57,
      "1.95%",
      "red"
    ],
    [
      "太钢不锈（000825）",
      3.47,
      "0.87%",
      "red"
    ],
    [
      "中国金茂（00817）",
      0.98,
      "1.03%",
      "red"
    ]
  ],
  "top5_percent": 97.50999999999999,
  "top5_array": [
    [
      "腾讯控股（00700）",
      14920551.543007221,
      "51.62%",
      "primary"
    ],
    [
      "贵州茅台（600519）",
      9877419.0,
      "34.17%",
      "secondary"
    ],
    [
      "中国宏桥（01378）",
      1395037.9889316198,
      "4.83%",
      "success"
    ],
    [
      "分众传媒（002027）",
      1339952.0,
      "4.64%",
      "info"
    ],
    [
      "银华日利ETF（511880）",
      651274.0,
      "2.25%",
      "warning"
    ]
  ],
  "market_name_array": "[\"\\u6e2f\\u80a1\", \"\\u6caa\\u5e02A\\u80a1\", \"\\u6df1\\u5e02A\\u80a1\", \"\\u6df1\\u5e02B\\u80a1\"]",
  "market_value_array": [
    16650586,
    10767552,
    1364362,
    123286
  ],
  "trade_array": [
    [
      "2025-02-05",
      "贵州茅台（600519）",
      "买入",
      1419.26,
      100,
      141926.0,
      "人民币",
      "银河6811"
    ],
    [
      "2025-02-05",
      "银华日利ETF（511880）",
      "卖出",
      100.182,
      1400,
      140254.8,
      "人民币",
      "银河6811"
    ],
    [
      "2025-01-17",
      "银华日利ETF（511880）",
      "买入",
      100.107,
      1400,
      140149.8,
      "人民币",
      "银河6811"
    ],
    [
      "2025-01-17",
      "银华日利ETF（511880）",
      "卖出",
      100.109,
      1400,
      140152.6,
      "人民币",
      "银河6811"
    ],
    [
      "2025-01-16",
      "银华日利ETF（511880）",
      "买入",
      100.104,
      7300,
      730759.2,
      "人民币",
      "银河6811"
    ]
  ],
  "dividend_array": [
    [
      "2025-01-03",
      "银华日利ETF（511880）",
      155.0,
      "华泰1898"
    ],
    [
      "2025-01-03",
      "银华日利ETF（511880）",
      155.0,
      "华泰8120"
    ],
    [
      "2025-01-03",
      "银华日利ETF（511880）",
      1707.0,
      "国金1030"
    ],
    [
      "2025-01-03",
      "银华日利ETF（511880）",
      15521.0,
      "国金7948"
    ],
    [
      "2025-01-03",
      "银华日利ETF（511880）",
      2173.0,
      "银河6811"
    ]
  ],
  "subscription_array": [
    [
      "2024-12-19",
      "国货航",
      "股票",
      500,
      4085.0,
      355.2173913043478,
      "华泰8120"
    ],
    [
      "2024-11-18",
      "领益转债",
      "可转债",
      10,
      235.16,
      23.516,
      "华泰3479"
    ],
    [
      "2024-11-07",
      "嘉益转债",
      "可转债",
      10,
      190.45,
      19.045,
      "国金1030"
    ],
    [
      "2024-10-28",
      "和邦转债",
      "可转债",
      10,
      118.77,
      11.877,
      "国金1030"
    ],
    [
      "2024-10-28",
      "和邦转债",
      "可转债",
      10,
      117.43,
      11.743,
      "华泰3479"
    ]
  ],
  "modified_time": "2025-02-10 17:29:06"
}