{
  "rate_HKD": 0.937998311603039,
  "rate_USD": 7.304601899196494,
  "modified_time": "2025-02-10 17:29:17"
}